scripture_reference,quoted_from,source
Romans 1:23,Genesis 1:26,bible-researcher.com
1 Corinthians 11:7,Genesis 1:26,bible-researcher.com
1 Corinthians 15:49,Genesis 1:26,bible-researcher.com
2 Corinthians 3:18,Genesis 1:26,bible-researcher.com
2 Corinthians 4:4,Genesis 1:26,bible-researcher.com
Colossians 3:10,Genesis 1:26,bible-researcher.com
James 3:9,Genesis 1:26,bible-researcher.com
Matthew 19:4,Genesis 1:27,bible-researcher.com
Mark 10:6,Genesis 1:27,bible-researcher.com
Hebrews 4:4,Genesis 2:2,bible-researcher.com
Hebrews 4:10,Genesis 2:2,bible-researcher.com
1 Corinthians 15:45,Genesis 2:7,bible-researcher.com
1 Corinthians 15:47,Genesis 2:7,bible-researcher.com
Matthew 19:5,Genesis 2:24,bible-researcher.com
Mark 10:7,Genesis 2:24,bible-researcher.com
1 Corinthians 6:16,Genesis 2:24,bible-researcher.com
1 Corinthians 6:17,Genesis 2:24,bible-researcher.com
Ephesians 5:31,Genesis 2:24,bible-researcher.com
Hebrews 6:8,Genesis 3:18,bible-researcher.com
Matthew 19:4,Genesis 5:2,bible-researcher.com
Mark 10:6,Genesis 5:2,bible-researcher.com
James 3:9,Genesis 5:2,bible-researcher.com
Hebrews 11:5,Genesis 5:24,bible-researcher.com
James 3:9,Genesis 9:6,bible-researcher.com
Acts 7:3,Genesis 12:1,bible-researcher.com
Acts 3:25,Genesis 12:3,bible-researcher.com
Galatians 3:8,Genesis 12:3,bible-researcher.com
Acts 7:5,Genesis 13:15,bible-researcher.com
Galatians 3:16,Genesis 13:15,bible-researcher.com
Hebrews 7:1,Genesis 14:17,bible-researcher.com
Romans 4:18,Genesis 15:5,bible-researcher.com
Romans 4:3,Genesis 15:6,bible-researcher.com
Romans 4:9,Genesis 15:6,bible-researcher.com
Romans 4:22,Genesis 15:6,bible-researcher.com
Galatians 3:6,Genesis 15:6,bible-researcher.com
James 2:23,Genesis 15:6,bible-researcher.com
Acts 7:6,Genesis 15:13,bible-researcher.com
Acts 7:7,Genesis 15:14,bible-researcher.com
Romans 4:17,Genesis 17:5,bible-researcher.com
Galatians 3:16,Genesis 17:7,bible-researcher.com
Acts 7:5,Genesis 17:8,bible-researcher.com
Romans 9:9,Genesis 18:10,bible-researcher.com
1 Peter 3:6,Genesis 18:12,bible-researcher.com
Galatians 4:30,Genesis 21:10,bible-researcher.com
Romans 9:7,Genesis 21:12,bible-researcher.com
Hebrews 11:18,Genesis 21:12,bible-researcher.com
Matthew 3:17,Genesis 22:2,bible-researcher.com
Matthew 17:5,Genesis 22:2,bible-researcher.com
Mark 1:11,Genesis 22:2,bible-researcher.com
Mark 9:7,Genesis 22:2,bible-researcher.com
Luke 3:22,Genesis 22:2,bible-researcher.com
John 1:14,Genesis 22:2,bible-researcher.com
2 Peter 1:17,Genesis 22:2,bible-researcher.com
James 2:21,Genesis 22:9,bible-researcher.com
Hebrews 6:13,Genesis 22:16,bible-researcher.com
Hebrews 6:14,Genesis 22:17,bible-researcher.com
Hebrews 11:12,Genesis 22:17,bible-researcher.com
Acts 3:25,Genesis 22:18,bible-researcher.com
Romans 9:12,Genesis 25:23,bible-researcher.com
Acts 3:25,Genesis 26:4,bible-researcher.com
John 1:51,Genesis 28:12,bible-researcher.com
Acts 3:25,Genesis 28:14,bible-researcher.com
Matthew 22:24,Genesis 38:8,bible-researcher.com
Mark 12:19,Genesis 38:8,bible-researcher.com
Luke 20:28,Genesis 38:8,bible-researcher.com
Acts 7:14,Genesis 46:27,bible-researcher.com
Hebrews 11:21,Genesis 47:31,bible-researcher.com
Acts 7:14,Exodus 1:5,bible-researcher.com
Acts 7:18,Exodus 1:8,bible-researcher.com
Acts 7:27,Exodus 2:13,bible-researcher.com
Acts 7:28,Exodus 2:14,bible-researcher.com
Acts 7:29,Exodus 2:15,bible-researcher.com
Acts 7:34,Exodus 2:24,bible-researcher.com
Acts 7:33,Exodus 3:5,bible-researcher.com
Matthew 22:32,Exodus 3:6,bible-researcher.com
Mark 12:26,Exodus 3:6,bible-researcher.com
Luke 20:37,Exodus 3:6,bible-researcher.com
Acts 3:13,Exodus 3:6,bible-researcher.com
Acts 7:32,Exodus 3:6,bible-researcher.com
Acts 7:34,Exodus 3:7,bible-researcher.com
Acts 7:34,Exodus 3:8,bible-researcher.com
Acts 7:34,Exodus 3:10,bible-researcher.com
Acts 7:7,Exodus 3:12,bible-researcher.com
Matthew 22:32,Exodus 3:15,bible-researcher.com
Mark 12:26,Exodus 3:15,bible-researcher.com
Luke 20:37,Exodus 3:15,bible-researcher.com
Acts 3:13,Exodus 3:15,bible-researcher.com
Acts 7:32,Exodus 3:15,bible-researcher.com
Romans 9:17,Exodus 9:16,bible-researcher.com
John 19:36,Exodus 12:46,bible-researcher.com
Luke 2:23,Exodus 13:2,bible-researcher.com
Luke 2:23,Exodus 13:12,bible-researcher.com
Luke 2:23,Exodus 13:15,bible-researcher.com
John 6:31,Exodus 16:4,bible-researcher.com
2 Corinthians 8:15,Exodus 16:18,bible-researcher.com
1 Peter 2:9,Exodus 19:6,bible-researcher.com
Hebrews 12:20,Exodus 19:13,bible-researcher.com
Acts 4:24,Exodus 20:11,bible-researcher.com
Acts 14:15,Exodus 20:11,bible-researcher.com
Revelation 10:6,Exodus 20:11,bible-researcher.com
Revelation 14:7,Exodus 20:11,bible-researcher.com
Matthew 15:4,Exodus 20:12,bible-researcher.com
Matthew 19:19,Exodus 20:12,bible-researcher.com
Mark 7:10,Exodus 20:12,bible-researcher.com
Mark 10:19,Exodus 20:12,bible-researcher.com
Luke 18:20,Exodus 20:12,bible-researcher.com
Ephesians 6:2,Exodus 20:12,bible-researcher.com
Ephesians 6:3,Exodus 20:12,bible-researcher.com
Matthew 5:21,Exodus 20:13,bible-researcher.com
Matthew 19:18,Exodus 20:13,bible-researcher.com
Mark 10:19,Exodus 20:13,bible-researcher.com
Luke 18:20,Exodus 20:13,bible-researcher.com
Romans 13:9,Exodus 20:13,bible-researcher.com
James 2:11,Exodus 20:13,bible-researcher.com
Matthew 5:27,Exodus 20:14,bible-researcher.com
Matthew 19:18,Exodus 20:14,bible-researcher.com
Mark 10:19,Exodus 20:14,bible-researcher.com
Luke 18:20,Exodus 20:14,bible-researcher.com
Romans 13:9,Exodus 20:14,bible-researcher.com
James 2:11,Exodus 20:14,bible-researcher.com
Matthew 19:18,Exodus 20:15,bible-researcher.com
Mark 10:19,Exodus 20:15,bible-researcher.com
Luke 18:20,Exodus 20:15,bible-researcher.com
Romans 13:9,Exodus 20:15,bible-researcher.com
Matthew 19:18,Exodus 20:16,bible-researcher.com
Mark 10:19,Exodus 20:16,bible-researcher.com
Luke 18:20,Exodus 20:16,bible-researcher.com
Romans 7:7,Exodus 20:17,bible-researcher.com
Romans 13:9,Exodus 20:17,bible-researcher.com
Matthew 15:4,Exodus 21:17,bible-researcher.com
Mark 7:10,Exodus 21:17,bible-researcher.com
Matthew 5:38,Exodus 21:24,bible-researcher.com
Acts 23:5,Exodus 22:28,bible-researcher.com
Matthew 11:10,Exodus 23:20,bible-researcher.com
Mark 1:2,Exodus 23:20,bible-researcher.com
Luke 7:27,Exodus 23:20,bible-researcher.com
1 Peter 2:9,Exodus 23:22,bible-researcher.com
Hebrews 9:20,Exodus 24:8,bible-researcher.com
Hebrews 8:5,Exodus 25:40,bible-researcher.com
Acts 7:40,Exodus 32:1,bible-researcher.com
1 Corinthians 10:7,Exodus 32:6,bible-researcher.com
Acts 7:40,Exodus 32:23,bible-researcher.com
Romans 9:15,Exodus 33:19,bible-researcher.com
2 Corinthians 3:7,Exodus 34:34,bible-researcher.com
2 Corinthians 3:16,Exodus 34:34,bible-researcher.com
2 Corinthians 3:13,Exodus 34:35,bible-researcher.com
Luke 2:24,Leviticus 12:8,bible-researcher.com
Hebrews 6:19,Leviticus 16:12,bible-researcher.com
Hebrews 13:11,Leviticus 16:27,bible-researcher.com
Romans 10:5,Leviticus 18:5,bible-researcher.com
Galatians 3:12,Leviticus 18:5,bible-researcher.com
1 Peter 1:16,Leviticus 19:2,bible-researcher.com
Matthew 5:33,Leviticus 19:12,bible-researcher.com
Matthew 5:43,Leviticus 19:18,bible-researcher.com
Matthew 19:19,Leviticus 19:18,bible-researcher.com
Matthew 22:39,Leviticus 19:18,bible-researcher.com
Mark 12:31,Leviticus 19:18,bible-researcher.com
Mark 12:33,Leviticus 19:18,bible-researcher.com
Luke 10:27,Leviticus 19:18,bible-researcher.com
Romans 13:9,Leviticus 19:18,bible-researcher.com
Galatians 5:14,Leviticus 19:18,bible-researcher.com
James 2:8,Leviticus 19:18,bible-researcher.com
Matthew 5:38,Leviticus 24:20,bible-researcher.com
2 Corinthians 6:16,Leviticus 26:12,bible-researcher.com
John 19:36,Numbers 9:12,bible-researcher.com
Hebrews 3:2,Numbers 12:7,bible-researcher.com
Hebrews 3:5,Numbers 12:7,bible-researcher.com
1 Corinthians 10:5,Numbers 14:16,bible-researcher.com
2 Timothy 2:19,Numbers 16:5,bible-researcher.com
Mark 6:34,Numbers 27:17,bible-researcher.com
Matthew 5:33,Numbers 30:2,bible-researcher.com
Acts 13:18,Deuteronomy 1:31,bible-researcher.com
Hebrews 12:29,Deuteronomy 4:24,bible-researcher.com
Mark 12:32,Deuteronomy 4:35,bible-researcher.com
Matthew 15:4,Deuteronomy 5:16,bible-researcher.com
Matthew 19:19,Deuteronomy 5:16,bible-researcher.com
Mark 7:10,Deuteronomy 5:16,bible-researcher.com
Luke 18:20,Deuteronomy 5:16,bible-researcher.com
Ephesians 6:2,Deuteronomy 5:16,bible-researcher.com
Ephesians 6:3,Deuteronomy 5:16,bible-researcher.com
Matthew 5:21,Deuteronomy 5:17,bible-researcher.com
Matthew 19:18,Deuteronomy 5:17,bible-researcher.com
Luke 18:20,Deuteronomy 5:17,bible-researcher.com
Romans 13:9,Deuteronomy 5:17,bible-researcher.com
James 2:11,Deuteronomy 5:17,bible-researcher.com
Matthew 5:27,Deuteronomy 5:18,bible-researcher.com
Matthew 19:18,Deuteronomy 5:18,bible-researcher.com
Luke 18:20,Deuteronomy 5:18,bible-researcher.com
Romans 13:9,Deuteronomy 5:18,bible-researcher.com
James 2:11,Deuteronomy 5:18,bible-researcher.com
Matthew 19:18,Deuteronomy 5:19,bible-researcher.com
Luke 18:20,Deuteronomy 5:19,bible-researcher.com
Romans 13:9,Deuteronomy 5:19,bible-researcher.com
Matthew 19:18,Deuteronomy 5:20,bible-researcher.com
Luke 18:20,Deuteronomy 5:20,bible-researcher.com
Romans 7:7,Deuteronomy 5:21,bible-researcher.com
Romans 13:9,Deuteronomy 5:21,bible-researcher.com
Mark 12:29,Deuteronomy 6:4,bible-researcher.com
Matthew 22:37,Deuteronomy 6:5,bible-researcher.com
Mark 12:30,Deuteronomy 6:5,bible-researcher.com
Mark 12:33,Deuteronomy 6:5,bible-researcher.com
Luke 10:27,Deuteronomy 6:5,bible-researcher.com
Matthew 4:10,Deuteronomy 6:13,bible-researcher.com
Luke 4:8,Deuteronomy 6:13,bible-researcher.com
Matthew 4:7,Deuteronomy 6:16,bible-researcher.com
Luke 4:12,Deuteronomy 6:16,bible-researcher.com
Acts 13:19,Deuteronomy 7:1,bible-researcher.com
Matthew 4:4,Deuteronomy 8:3,bible-researcher.com
Luke 4:4,Deuteronomy 8:3,bible-researcher.com
Romans 10:6,Deuteronomy 9:4,bible-researcher.com
Hebrews 12:21,Deuteronomy 9:19,bible-researcher.com
Titus 2:14,Deuteronomy 14:2,bible-researcher.com
Hebrews 10:28,Deuteronomy 17:6,bible-researcher.com
1 Corinthians 5:13,Deuteronomy 17:7,bible-researcher.com
Matthew 17:5,Deuteronomy 18:15,bible-researcher.com
Mark 9:7,Deuteronomy 18:15,bible-researcher.com
Luke 9:35,Deuteronomy 18:15,bible-researcher.com
Acts 3:22,Deuteronomy 18:15,bible-researcher.com
Acts 7:37,Deuteronomy 18:15,bible-researcher.com
Acts 3:22,Deuteronomy 18:16,bible-researcher.com
Acts 3:23,Deuteronomy 18:19,bible-researcher.com
Matthew 18:16,Deuteronomy 19:15,bible-researcher.com
2 Corinthians 13:1,Deuteronomy 19:15,bible-researcher.com
1 Timothy 5:19,Deuteronomy 19:15,bible-researcher.com
Matthew 5:38,Deuteronomy 19:21,bible-researcher.com
Galatians 3:13,Deuteronomy 21:23,bible-researcher.com
Matthew 5:31,Deuteronomy 24:1,bible-researcher.com
Matthew 19:7,Deuteronomy 24:1,bible-researcher.com
Mark 10:4,Deuteronomy 24:1,bible-researcher.com
James 5:4,Deuteronomy 24:15,bible-researcher.com
1 Corinthians 9:9,Deuteronomy 25:4,bible-researcher.com
1 Timothy 5:18,Deuteronomy 25:4,bible-researcher.com
Matthew 22:24,Deuteronomy 25:5,bible-researcher.com
Mark 12:19,Deuteronomy 25:5,bible-researcher.com
Luke 20:28,Deuteronomy 25:5,bible-researcher.com
Galatians 3:10,Deuteronomy 27:26,bible-researcher.com
Romans 11:8,Deuteronomy 29:4,bible-researcher.com
Hebrews 12:15,Deuteronomy 29:18,bible-researcher.com
Romans 10:6,Deuteronomy 30:12,bible-researcher.com
Romans 10:7,Deuteronomy 30:13,bible-researcher.com
Romans 10:8,Deuteronomy 30:14,bible-researcher.com
Hebrews 13:5,Deuteronomy 31:6,bible-researcher.com
1 Corinthians 10:20,Deuteronomy 32:17,bible-researcher.com
Romans 10:19,Deuteronomy 32:21,bible-researcher.com
1 Corinthians 10:22,Deuteronomy 32:21,bible-researcher.com
Romans 12:19,Deuteronomy 32:35,bible-researcher.com
Hebrews 10:30,Deuteronomy 32:35,bible-researcher.com
Hebrews 10:30,Deuteronomy 32:36,bible-researcher.com
Romans 15:10,Deuteronomy 32:43,bible-researcher.com
Hebrews 1:6,Deuteronomy 32:43,bible-researcher.com
Hebrews 13:5,Joshua 1:5,bible-researcher.com
Matthew 2:23,Judges 13:5,bible-researcher.com
Luke 1:48,1 Samuel 1:11,bible-researcher.com
Luke 2:52,1 Samuel 2:26,bible-researcher.com
Romans 11:2,1 Samuel 12:22,bible-researcher.com
Acts 13:22,1 Samuel 13:14,bible-researcher.com
Matthew 2:6,2 Samuel 5:2,bible-researcher.com
2 Corinthians 6:18,2 Samuel 7:8,bible-researcher.com
John 7:42,2 Samuel 7:12,bible-researcher.com
Acts 2:30,2 Samuel 7:12,bible-researcher.com
2 Corinthians 6:18,2 Samuel 7:14,bible-researcher.com
Hebrews 1:5,2 Samuel 7:14,bible-researcher.com
Hebrews 2:13,2 Samuel 22:3,bible-researcher.com
Romans 15:9,2 Samuel 22:50,bible-researcher.com
Acts 13:36,1 Kings 2:10,bible-researcher.com
Romans 11:3,1 Kings 19:10,bible-researcher.com
Romans 11:4,1 Kings 19:18,bible-researcher.com
Mark 6:34,1 Kings 22:17,bible-researcher.com
Luke 9:54,2 Kings 1:10,bible-researcher.com
Luke 9:54,2 Kings 1:12,bible-researcher.com
1 Corinthians 3:19,Job 5:13,bible-researcher.com
Philippians 1:19,Job 13:16,bible-researcher.com
Romans 11:35,Job 41:11,bible-researcher.com
Acts 4:25,Psalm 2:1,bible-researcher.com
Acts 4:26,Psalm 2:2,bible-researcher.com
Matthew 3:17,Psalm 2:7,bible-researcher.com
Matthew 17:5,Psalm 2:7,bible-researcher.com
Mark 1:11,Psalm 2:7,bible-researcher.com
Mark 9:7,Psalm 2:7,bible-researcher.com
Luke 3:22,Psalm 2:7,bible-researcher.com
Luke 9:35,Psalm 2:7,bible-researcher.com
Acts 13:33,Psalm 2:7,bible-researcher.com
Hebrews 1:5,Psalm 2:7,bible-researcher.com
Hebrews 5:5,Psalm 2:7,bible-researcher.com
2 Peter 1:17,Psalm 2:7,bible-researcher.com
Revelation 2:26,Psalm 2:8,bible-researcher.com
Revelation 2:27,Psalm 2:9,bible-researcher.com
Ephesians 4:26,Psalm 4:4,bible-researcher.com
Romans 3:13,Psalm 5:9,bible-researcher.com
Matthew 7:23,Psalm 6:8,bible-researcher.com
Luke 13:27,Psalm 6:8,bible-researcher.com
Matthew 21:16,Psalm 8:2,bible-researcher.com
Hebrews 2:6,Psalm 8:4,bible-researcher.com
Hebrews 2:7,Psalm 8:5,bible-researcher.com
Matthew 22:44,Psalm 8:6,bible-researcher.com
1 Corinthians 15:27,Psalm 8:6,bible-researcher.com
Ephesians 1:22,Psalm 8:6,bible-researcher.com
Hebrews 2:8,Psalm 8:6,bible-researcher.com
Acts 17:31,Psalm 9:8,bible-researcher.com
Romans 3:14,Psalm 10:7,bible-researcher.com
Romans 3:10,Psalm 14:1,bible-researcher.com
Romans 3:11,Psalm 14:2,bible-researcher.com
Romans 3:12,Psalm 14:3,bible-researcher.com
Acts 2:25,Psalm 16:8,bible-researcher.com
Acts 2:26,Psalm 16:9,bible-researcher.com
Acts 2:27,Psalm 16:10,bible-researcher.com
Acts 2:31,Psalm 16:10,bible-researcher.com
Acts 13:35,Psalm 16:10,bible-researcher.com
Acts 2:28,Psalm 16:11,bible-researcher.com
Romans 15:9,Psalm 18:49,bible-researcher.com
Romans 10:18,Psalm 19:4,bible-researcher.com
Matthew 27:46,Psalm 22:1,bible-researcher.com
Mark 15:34,Psalm 22:1,bible-researcher.com
Matthew 27:35,Psalm 22:18,bible-researcher.com
Mark 15:24,Psalm 22:18,bible-researcher.com
Luke 23:34,Psalm 22:18,bible-researcher.com
John 19:24,Psalm 22:18,bible-researcher.com
Hebrews 2:12,Psalm 22:22,bible-researcher.com
1 Corinthians 10:26,Psalm 24:1,bible-researcher.com
Luke 23:46,Psalm 31:5,bible-researcher.com
Romans 4:7,Psalm 32:1,bible-researcher.com
Romans 4:8,Psalm 32:2,bible-researcher.com
1 Peter 2:3,Psalm 34:8,bible-researcher.com
1 Peter 3:10,Psalm 34:12,bible-researcher.com
1 Peter 3:10,Psalm 34:13,bible-researcher.com
1 Peter 3:11,Psalm 34:14,bible-researcher.com
1 Peter 3:12,Psalm 34:15,bible-researcher.com
1 Peter 3:12,Psalm 34:16,bible-researcher.com
John 19:36,Psalm 34:20,bible-researcher.com
John 15:25,Psalm 35:19,bible-researcher.com
Romans 3:18,Psalm 36:1,bible-researcher.com
Matthew 5:5,Psalm 37:11,bible-researcher.com
Hebrews 10:5,Psalm 40:6,bible-researcher.com
Hebrews 10:6,Psalm 40:6,bible-researcher.com
Hebrews 10:7,Psalm 40:7,bible-researcher.com
Hebrews 10:7,Psalm 40:8,bible-researcher.com
John 13:18,Psalm 41:9,bible-researcher.com
Romans 8:36,Psalm 44:22,bible-researcher.com
Hebrews 1:8,Psalm 45:6,bible-researcher.com
Hebrews 1:9,Psalm 45:7,bible-researcher.com
Matthew 5:35,Psalm 48:2,bible-researcher.com
Romans 3:4,Psalm 51:4,bible-researcher.com
1 Peter 5:7,Psalm 55:22,bible-researcher.com
Matthew 16:27,Psalm 62:12,bible-researcher.com
Romans 2:6,Psalm 62:12,bible-researcher.com
2 Timothy 4:14,Psalm 62:12,bible-researcher.com
Acts 28:28,Psalm 67:2,bible-researcher.com
Ephesians 4:8,Psalm 68:18,bible-researcher.com
John 15:25,Psalm 69:4,bible-researcher.com
John 2:17,Psalm 69:9,bible-researcher.com
Romans 15:3,Psalm 69:9,bible-researcher.com
Matthew 27:48,Psalm 69:21,bible-researcher.com
Mark 15:36,Psalm 69:21,bible-researcher.com
John 19:28,Psalm 69:21,bible-researcher.com
John 19:29,Psalm 69:21,bible-researcher.com
Romans 11:9,Psalm 69:22,bible-researcher.com
Romans 11:10,Psalm 69:23,bible-researcher.com
Acts 1:20,Psalm 69:25,bible-researcher.com
Matthew 13:35,Psalm 78:2,bible-researcher.com
John 6:31,Psalm 78:24,bible-researcher.com
2 Thessalonians 1:8,Psalm 79:6,bible-researcher.com
John 10:34,Psalm 82:6,bible-researcher.com
Acts 2:30,Psalm 89:3,bible-researcher.com
Acts 2:30,Psalm 89:4,bible-researcher.com
Acts 13:22,Psalm 89:20,bible-researcher.com
John 12:34,Psalm 89:36,bible-researcher.com
2 Peter 3:8,Psalm 90:4,bible-researcher.com
Matthew 4:6,Psalm 91:11,bible-researcher.com
Luke 4:10,Psalm 91:11,bible-researcher.com
Matthew 4:6,Psalm 91:12,bible-researcher.com
Luke 4:11,Psalm 91:12,bible-researcher.com
1 Corinthians 3:20,Psalm 94:11,bible-researcher.com
Romans 11:2,Psalm 94:14,bible-researcher.com
Hebrews 3:7,Psalm 95:7,bible-researcher.com
Hebrews 3:15,Psalm 95:7,bible-researcher.com
Hebrews 4:7,Psalm 95:7,bible-researcher.com
Hebrews 3:8,Psalm 95:8,bible-researcher.com
Hebrews 3:15,Psalm 95:8,bible-researcher.com
Hebrews 4:7,Psalm 95:8,bible-researcher.com
Hebrews 3:9,Psalm 95:9,bible-researcher.com
Hebrews 3:10,Psalm 95:10,bible-researcher.com
Hebrews 3:11,Psalm 95:11,bible-researcher.com
Hebrews 3:18,Psalm 95:11,bible-researcher.com
Hebrews 4:3,Psalm 95:11,bible-researcher.com
Hebrews 4:5,Psalm 95:11,bible-researcher.com
Hebrews 4:10,Psalm 95:11,bible-researcher.com
Hebrews 1:6,Psalm 97:7,bible-researcher.com
Hebrews 1:10,Psalm 102:25,bible-researcher.com
Hebrews 1:11,Psalm 102:26,bible-researcher.com
Hebrews 1:12,Psalm 102:27,bible-researcher.com
James 5:11,Psalm 103:8,bible-researcher.com
Luke 1:50,Psalm 103:17,bible-researcher.com
Hebrews 1:7,Psalm 104:4,bible-researcher.com
Romans 1:23,Psalm 106:20,bible-researcher.com
Acts 1:20,Psalm 109:8,bible-researcher.com
Matthew 22:44,Psalm 110:1,bible-researcher.com
Matthew 26:64,Psalm 110:1,bible-researcher.com
Mark 12:36,Psalm 110:1,bible-researcher.com
Mark 14:62,Psalm 110:1,bible-researcher.com
Mark 16:19,Psalm 110:1,bible-researcher.com
Luke 20:42,Psalm 110:1,bible-researcher.com
Luke 20:43,Psalm 110:1,bible-researcher.com
Luke 22:69,Psalm 110:1,bible-researcher.com
Acts 2:34,Psalm 110:1,bible-researcher.com
Acts 2:35,Psalm 110:1,bible-researcher.com
1 Corinthians 15:25,Psalm 110:1,bible-researcher.com
Ephesians 1:20,Psalm 110:1,bible-researcher.com
Colossians 3:1,Psalm 110:1,bible-researcher.com
Hebrews 1:3,Psalm 110:1,bible-researcher.com
Hebrews 1:13,Psalm 110:1,bible-researcher.com
Hebrews 8:1,Psalm 110:1,bible-researcher.com
Hebrews 10:12,Psalm 110:1,bible-researcher.com
Hebrews 10:13,Psalm 110:1,bible-researcher.com
Hebrews 12:2,Psalm 110:1,bible-researcher.com
Hebrews 5:6,Psalm 110:4,bible-researcher.com
Hebrews 7:17,Psalm 110:4,bible-researcher.com
Hebrews 7:21,Psalm 110:4,bible-researcher.com
2 Corinthians 9:9,Psalm 112:9,bible-researcher.com
2 Corinthians 4:13,Psalm 116:10,bible-researcher.com
Romans 15:11,Psalm 117:1,bible-researcher.com
Hebrews 13:6,Psalm 118:6,bible-researcher.com
Matthew 21:42,Psalm 118:22,bible-researcher.com
Mark 12:10,Psalm 118:22,bible-researcher.com
Luke 20:17,Psalm 118:22,bible-researcher.com
Acts 4:11,Psalm 118:22,bible-researcher.com
1 Peter 2:7,Psalm 118:22,bible-researcher.com
Matthew 21:42,Psalm 118:23,bible-researcher.com
Mark 12:11,Psalm 118:23,bible-researcher.com
Matthew 21:9,Psalm 118:25,bible-researcher.com
Mark 11:9,Psalm 118:25,bible-researcher.com
John 12:13,Psalm 118:25,bible-researcher.com
Matthew 21:9,Psalm 118:26,bible-researcher.com
Matthew 23:39,Psalm 118:26,bible-researcher.com
Mark 11:10,Psalm 118:26,bible-researcher.com
Luke 13:35,Psalm 118:26,bible-researcher.com
Luke 19:38,Psalm 118:26,bible-researcher.com
Titus 2:14,Psalm 130:8,bible-researcher.com
Acts 2:30,Psalm 132:11,bible-researcher.com
Romans 3:13,Psalm 140:3,bible-researcher.com
Romans 3:20,Psalm 143:2,bible-researcher.com
Galatians 2:16,Psalm 143:2,bible-researcher.com
Acts 4:24,Psalm 146:6,bible-researcher.com
Acts 14:15,Psalm 146:6,bible-researcher.com
Revelation 10:6,Psalm 146:6,bible-researcher.com
Revelation 14:7,Psalm 146:6,bible-researcher.com
Romans 12:17,Proverbs 3:4,bible-researcher.com
2 Corinthians 8:21,Proverbs 3:4,bible-researcher.com
Hebrews 12:5,Proverbs 3:11,bible-researcher.com
Hebrews 12:6,Proverbs 3:12,bible-researcher.com
Revelation 3:19,Proverbs 3:12,bible-researcher.com
James 4:6,Proverbs 3:34,bible-researcher.com
1 Peter 5:5,Proverbs 3:34,bible-researcher.com
Hebrews 12:13,Proverbs 4:26,bible-researcher.com
1 Peter 4:8,Proverbs 10:12,bible-researcher.com
1 Peter 4:18,Proverbs 11:31,bible-researcher.com
John 7:38,Proverbs 18:4,bible-researcher.com
2 Corinthians 9:7,Proverbs 22:8,bible-researcher.com
Ephesians 5:18,Proverbs 23:31,bible-researcher.com
Matthew 16:27,Proverbs 24:12,bible-researcher.com
Romans 2:6,Proverbs 24:12,bible-researcher.com
2 Timothy 4:14,Proverbs 24:12,bible-researcher.com
Romans 12:20,Proverbs 25:21,bible-researcher.com
Romans 12:20,Proverbs 25:22,bible-researcher.com
2 Peter 2:22,Proverbs 26:11,bible-researcher.com
Romans 3:10,Ecclesiastes 7:20,bible-researcher.com
Romans 9:29,Isaiah 1:9,bible-researcher.com
2 Thessalonians 1:9,Isaiah 2:19,bible-researcher.com
Matthew 21:33,Isaiah 5:1,bible-researcher.com
Mark 12:1,Isaiah 5:1,bible-researcher.com
Luke 20:9,Isaiah 5:1,bible-researcher.com
Matthew 21:33,Isaiah 5:2,bible-researcher.com
Mark 12:1,Isaiah 5:2,bible-researcher.com
James 5:4,Isaiah 5:9,bible-researcher.com
Revelation 4:8,Isaiah 6:3,bible-researcher.com
Matthew 13:14,Isaiah 6:9,bible-researcher.com
Mark 4:12,Isaiah 6:9,bible-researcher.com
Luke 8:10,Isaiah 6:9,bible-researcher.com
Acts 28:26,Isaiah 6:9,bible-researcher.com
Matthew 13:15,Isaiah 6:10,bible-researcher.com
Mark 4:12,Isaiah 6:10,bible-researcher.com
John 12:40,Isaiah 6:10,bible-researcher.com
Acts 28:27,Isaiah 6:10,bible-researcher.com
Matthew 1:23,Isaiah 7:14,bible-researcher.com
1 Peter 3:14,Isaiah 8:12,bible-researcher.com
1 Peter 3:15,Isaiah 8:13,bible-researcher.com
Romans 9:33,Isaiah 8:14,bible-researcher.com
1 Peter 2:8,Isaiah 8:14,bible-researcher.com
Hebrews 2:13,Isaiah 8:17,bible-researcher.com
Hebrews 2:13,Isaiah 8:18,bible-researcher.com
Matthew 4:15,Isaiah 9:1,bible-researcher.com
Matthew 4:16,Isaiah 9:2,bible-researcher.com
Luke 1:79,Isaiah 9:2,bible-researcher.com
Romans 9:27,Isaiah 10:22,bible-researcher.com
Romans 9:28,Isaiah 10:23,bible-researcher.com
Matthew 2:23,Isaiah 11:1,bible-researcher.com
1 Peter 4:14,Isaiah 11:2,bible-researcher.com
Ephesians 6:17,Isaiah 11:4,bible-researcher.com
2 Thessalonians 2:8,Isaiah 11:4,bible-researcher.com
Ephesians 6:14,Isaiah 11:5,bible-researcher.com
Romans 15:12,Isaiah 11:10,bible-researcher.com
Matthew 11:23,Isaiah 14:13,bible-researcher.com
Luke 10:15,Isaiah 14:13,bible-researcher.com
Matthew 11:23,Isaiah 14:15,bible-researcher.com
Luke 10:15,Isaiah 14:15,bible-researcher.com
1 Corinthians 15:32,Isaiah 22:13,bible-researcher.com
Revelation 3:7,Isaiah 22:22,bible-researcher.com
Luke 21:35,Isaiah 24:17,bible-researcher.com
1 Corinthians 15:54,Isaiah 25:8,bible-researcher.com
Hebrews 10:27,Isaiah 26:11,bible-researcher.com
Hebrews 10:37,Isaiah 26:20,bible-researcher.com
Romans 11:27,Isaiah 27:9,bible-researcher.com
1 Corinthians 14:21,Isaiah 28:11,bible-researcher.com
1 Corinthians 14:21,Isaiah 28:12,bible-researcher.com
Romans 9:33,Isaiah 28:16,bible-researcher.com
Romans 10:11,Isaiah 28:16,bible-researcher.com
1 Peter 2:6,Isaiah 28:16,bible-researcher.com
Romans 11:8,Isaiah 29:10,bible-researcher.com
Matthew 15:8,Isaiah 29:13,bible-researcher.com
Matthew 15:9,Isaiah 29:13,bible-researcher.com
Mark 7:6,Isaiah 29:13,bible-researcher.com
Mark 7:7,Isaiah 29:13,bible-researcher.com
Colossians 2:22,Isaiah 29:13,bible-researcher.com
1 Corinthians 1:19,Isaiah 29:14,bible-researcher.com
Romans 9:20,Isaiah 29:16,bible-researcher.com
Hebrews 12:12,Isaiah 35:3,bible-researcher.com
Luke 7:22,Isaiah 35:5,bible-researcher.com
Luke 7:22,Isaiah 35:6,bible-researcher.com
Matthew 3:3,Isaiah 40:3,bible-researcher.com
Mark 1:2,Isaiah 40:3,bible-researcher.com
Luke 3:4,Isaiah 40:3,bible-researcher.com
John 1:23,Isaiah 40:3,bible-researcher.com
Luke 3:5,Isaiah 40:4,bible-researcher.com
Luke 3:6,Isaiah 40:5,bible-researcher.com
James 1:10,Isaiah 40:6,bible-researcher.com
1 Peter 1:24,Isaiah 40:6,bible-researcher.com
James 1:11,Isaiah 40:7,bible-researcher.com
1 Peter 1:24,Isaiah 40:8,bible-researcher.com
1 Peter 1:25,Isaiah 40:8,bible-researcher.com
John 12:15,Isaiah 40:9,bible-researcher.com
Romans 11:34,Isaiah 40:13,bible-researcher.com
1 Corinthians 2:16,Isaiah 40:13,bible-researcher.com
Hebrews 2:16,Isaiah 41:8,bible-researcher.com
James 2:23,Isaiah 41:8,bible-researcher.com
Hebrews 2:16,Isaiah 41:9,bible-researcher.com
Matthew 3:17,Isaiah 42:1,bible-researcher.com
Matthew 12:18,Isaiah 42:1,bible-researcher.com
Matthew 17:5,Isaiah 42:1,bible-researcher.com
Mark 1:11,Isaiah 42:1,bible-researcher.com
Luke 3:22,Isaiah 42:1,bible-researcher.com
Luke 9:35,Isaiah 42:1,bible-researcher.com
2 Peter 1:17,Isaiah 42:1,bible-researcher.com
Matthew 12:19,Isaiah 42:2,bible-researcher.com
Matthew 12:20,Isaiah 42:3,bible-researcher.com
Matthew 12:21,Isaiah 42:4,bible-researcher.com
2 Corinthians 6:18,Isaiah 43:6,bible-researcher.com
1 Peter 2:9,Isaiah 43:21,bible-researcher.com
Acts 13:22,Isaiah 44:28,bible-researcher.com
Romans 9:20,Isaiah 45:9,bible-researcher.com
Acts 15:17,Isaiah 45:21,bible-researcher.com
Acts 15:18,Isaiah 45:21,bible-researcher.com
Romans 14:11,Isaiah 45:23,bible-researcher.com
Philippians 2:10,Isaiah 45:23,bible-researcher.com
Philippians 2:11,Isaiah 45:23,bible-researcher.com
Galatians 1:15,Isaiah 49:1,bible-researcher.com
Ephesians 6:17,Isaiah 49:2,bible-researcher.com
Acts 13:47,Isaiah 49:6,bible-researcher.com
2 Corinthians 6:2,Isaiah 49:8,bible-researcher.com
Romans 14:11,Isaiah 49:18,bible-researcher.com
Romans 2:24,Isaiah 52:5,bible-researcher.com
Romans 10:15,Isaiah 52:7,bible-researcher.com
Ephesians 6:15,Isaiah 52:7,bible-researcher.com
2 Corinthians 6:17,Isaiah 52:11,bible-researcher.com
Romans 15:21,Isaiah 52:15,bible-researcher.com
1 Corinthians 2:9,Isaiah 52:15,bible-researcher.com
John 12:38,Isaiah 53:1,bible-researcher.com
Romans 10:16,Isaiah 53:1,bible-researcher.com
Matthew 8:17,Isaiah 53:4,bible-researcher.com
1 Peter 2:24,Isaiah 53:4,bible-researcher.com
1 Peter 2:24,Isaiah 53:5,bible-researcher.com
1 Peter 2:25,Isaiah 53:6,bible-researcher.com
Acts 8:32,Isaiah 53:7,bible-researcher.com
Acts 8:33,Isaiah 53:8,bible-researcher.com
1 Peter 2:22,Isaiah 53:9,bible-researcher.com
Luke 22:37,Isaiah 53:12,bible-researcher.com
Hebrews 9:28,Isaiah 53:12,bible-researcher.com
Galatians 4:27,Isaiah 54:1,bible-researcher.com
John 6:45,Isaiah 54:13,bible-researcher.com
Acts 13:34,Isaiah 55:3,bible-researcher.com
Matthew 21:13,Isaiah 56:7,bible-researcher.com
Mark 11:17,Isaiah 56:7,bible-researcher.com
Luke 19:46,Isaiah 56:7,bible-researcher.com
Ephesians 2:17,Isaiah 57:19,bible-researcher.com
Luke 4:18,Isaiah 58:6,bible-researcher.com
Romans 3:15,Isaiah 59:7,bible-researcher.com
Romans 3:16,Isaiah 59:7,bible-researcher.com
Romans 3:17,Isaiah 59:8,bible-researcher.com
Ephesians 6:14,Isaiah 59:17,bible-researcher.com
Ephesians 6:17,Isaiah 59:17,bible-researcher.com
1 Thessalonians 5:8,Isaiah 59:17,bible-researcher.com
Romans 11:26,Isaiah 59:20,bible-researcher.com
Romans 11:27,Isaiah 59:21,bible-researcher.com
Matthew 11:5,Isaiah 61:1,bible-researcher.com
Luke 4:18,Isaiah 61:1,bible-researcher.com
Luke 7:22,Isaiah 61:1,bible-researcher.com
Luke 4:19,Isaiah 61:2,bible-researcher.com
Matthew 21:5,Isaiah 62:11,bible-researcher.com
1 Corinthians 2:9,Isaiah 64:4,bible-researcher.com
Romans 10:20,Isaiah 65:1,bible-researcher.com
Romans 10:21,Isaiah 65:2,bible-researcher.com
2 Peter 3:13,Isaiah 65:17,bible-researcher.com
Matthew 5:34,Isaiah 66:1,bible-researcher.com
Matthew 5:35,Isaiah 66:1,bible-researcher.com
Acts 7:49,Isaiah 66:1,bible-researcher.com
Acts 7:50,Isaiah 66:2,bible-researcher.com
2 Thessalonians 1:8,Isaiah 66:15,bible-researcher.com
Mark 9:48,Isaiah 66:24,bible-researcher.com
Galatians 1:15,Jeremiah 1:5,bible-researcher.com
1 Corinthians 2:9,Jeremiah 3:16,bible-researcher.com
Mark 8:18,Jeremiah 5:21,bible-researcher.com
Matthew 11:29,Jeremiah 6:16,bible-researcher.com
Matthew 21:13,Jeremiah 7:11,bible-researcher.com
Mark 11:17,Jeremiah 7:11,bible-researcher.com
Luke 19:46,Jeremiah 7:11,bible-researcher.com
1 Corinthians 1:31,Jeremiah 9:24,bible-researcher.com
2 Corinthians 10:17,Jeremiah 9:24,bible-researcher.com
2 Thessalonians 1:8,Jeremiah 10:25,bible-researcher.com
Romans 9:21,Jeremiah 18:6,bible-researcher.com
Matthew 23:38,Jeremiah 22:5,bible-researcher.com
Luke 13:35,Jeremiah 22:5,bible-researcher.com
Matthew 2:18,Jeremiah 31:15,bible-researcher.com
Hebrews 8:8,Jeremiah 31:31,bible-researcher.com
Hebrews 8:9,Jeremiah 31:32,bible-researcher.com
John 6:45,Jeremiah 31:33,bible-researcher.com
Romans 11:27,Jeremiah 31:33,bible-researcher.com
Hebrews 8:10,Jeremiah 31:33,bible-researcher.com
Hebrews 10:16,Jeremiah 31:33,bible-researcher.com
John 6:45,Jeremiah 31:34,bible-researcher.com
Romans 11:27,Jeremiah 31:34,bible-researcher.com
Hebrews 8:11,Jeremiah 31:34,bible-researcher.com
Hebrews 8:12,Jeremiah 31:34,bible-researcher.com
Hebrews 10:17,Jeremiah 31:34,bible-researcher.com
2 Corinthians 6:17,Jeremiah 51:45,bible-researcher.com
Mark 8:18,Ezekiel 12:2,bible-researcher.com
2 Corinthians 6:17,Ezekiel 20:34,bible-researcher.com
2 Thessalonians 2:4,Ezekiel 28:2,bible-researcher.com
Mark 6:34,Ezekiel 34:5,bible-researcher.com
Titus 2:14,Ezekiel 37:23,bible-researcher.com
2 Corinthians 6:16,Ezekiel 37:27,bible-researcher.com
Revelation 9:20,Daniel 5:23,bible-researcher.com
Matthew 24:30,Daniel 7:13,bible-researcher.com
Matthew 26:64,Daniel 7:13,bible-researcher.com
Mark 13:26,Daniel 7:13,bible-researcher.com
Mark 14:62,Daniel 7:13,bible-researcher.com
Luke 21:27,Daniel 7:13,bible-researcher.com
Revelation 1:7,Daniel 7:13,bible-researcher.com
Revelation 13:7,Daniel 7:21,bible-researcher.com
Matthew 24:15,Daniel 11:31,bible-researcher.com
Mark 13:14,Daniel 11:31,bible-researcher.com
2 Thessalonians 2:4,Daniel 11:36,bible-researcher.com
Matthew 24:15,Daniel 12:11,bible-researcher.com
Mark 13:14,Daniel 12:11,bible-researcher.com
Romans 9:26,Hosea 1:10,bible-researcher.com
Romans 9:27,Hosea 1:10,bible-researcher.com
Romans 9:25,Hosea 2:23,bible-researcher.com
1 Peter 2:10,Hosea 2:23,bible-researcher.com
Ephesians 6:17,Hosea 6:5,bible-researcher.com
Matthew 9:13,Hosea 6:6,bible-researcher.com
Matthew 12:7,Hosea 6:6,bible-researcher.com
Luke 23:30,Hosea 10:8,bible-researcher.com
Revelation 6:16,Hosea 10:8,bible-researcher.com
Matthew 2:15,Hosea 11:1,bible-researcher.com
1 Corinthians 15:55,Hosea 13:14,bible-researcher.com
Acts 2:17,Joel 2:28,bible-researcher.com
Acts 2:18,Joel 2:29,bible-researcher.com
Acts 2:19,Joel 2:30,bible-researcher.com
Acts 2:20,Joel 2:31,bible-researcher.com
Acts 2:21,Joel 2:31,bible-researcher.com
Romans 10:13,Joel 2:31,bible-researcher.com
Mark 4:29,Joel 3:13,bible-researcher.com
Acts 7:42,Amos 5:25,bible-researcher.com
Acts 7:43,Amos 5:26,bible-researcher.com
Acts 7:43,Amos 5:27,bible-researcher.com
Acts 15:16,Amos 9:11,bible-researcher.com
Acts 15:17,Amos 9:12,bible-researcher.com
Acts 15:18,Amos 9:12,bible-researcher.com
Matthew 12:40,Jonah 1:17,bible-researcher.com
Matthew 2:6,Micah 5:2,bible-researcher.com
John 7:42,Micah 5:2,bible-researcher.com
Matthew 10:35,Micah 7:6,bible-researcher.com
Matthew 10:36,Micah 7:6,bible-researcher.com
Luke 12:53,Micah 7:6,bible-researcher.com
Romans 10:15,Nahum 1:15,bible-researcher.com
Acts 13:41,Habakkuk 1:5,bible-researcher.com
Hebrews 10:37,Habakkuk 2:3,bible-researcher.com
Romans 1:17,Habakkuk 2:4,bible-researcher.com
Galatians 3:11,Habakkuk 2:4,bible-researcher.com
Hebrews 10:38,Habakkuk 2:4,bible-researcher.com
Hebrews 12:26,Haggai 2:6,bible-researcher.com
Jude 1:9,Zechariah 3:2,bible-researcher.com
Ephesians 4:25,Zechariah 8:16,bible-researcher.com
Matthew 21:5,Zechariah 9:9,bible-researcher.com
John 12:15,Zechariah 9:9,bible-researcher.com
Matthew 26:15,Zechariah 11:12,bible-researcher.com
Matthew 27:9,Zechariah 11:12,bible-researcher.com
Matthew 26:15,Zechariah 11:13,bible-researcher.com
Matthew 27:10,Zechariah 11:13,bible-researcher.com
John 19:37,Zechariah 12:10,bible-researcher.com
Revelation 1:7,Zechariah 12:10,bible-researcher.com
Matthew 26:31,Zechariah 13:7,bible-researcher.com
Mark 14:27,Zechariah 13:7,bible-researcher.com
Romans 9:13,Malachi 1:2,bible-researcher.com
Romans 9:13,Malachi 1:3,bible-researcher.com
Matthew 11:10,Malachi 3:1,bible-researcher.com
Mark 1:2,Malachi 3:1,bible-researcher.com
Luke 1:76,Malachi 3:1,bible-researcher.com
Luke 7:27,Malachi 3:1,bible-researcher.com
Luke 3:10,Malachi 3:7,bible-researcher.com
Luke 1:17,Malachi 4:5,bible-researcher.com
Luke 1:17,Malachi 4:6,bible-researcher.com
Matthew 1:23,Isaiah 7:14,kalvesmaki.com
Matthew 2:6,Micah 5:2,kalvesmaki.com
Matthew 2:15,Hosea 11:1,kalvesmaki.com
Matthew 2:18,Jeremiah 31:15,kalvesmaki.com
Matthew 3:3,Isaiah 40:3,kalvesmaki.com
Matthew 3:3,Isaiah 40:4,kalvesmaki.com
Matthew 3:3,Isaiah 40:5,kalvesmaki.com
Mark 1:3,Isaiah 40:3,kalvesmaki.com
Mark 1:3,Isaiah 40:4,kalvesmaki.com
Mark 1:3,Isaiah 40:5,kalvesmaki.com
Luke 3:4,Isaiah 40:3,kalvesmaki.com
Luke 3:4,Isaiah 40:4,kalvesmaki.com
Luke 3:4,Isaiah 40:5,kalvesmaki.com
Luke 3:5,Isaiah 40:3,kalvesmaki.com
Luke 3:5,Isaiah 40:4,kalvesmaki.com
Luke 3:5,Isaiah 40:5,kalvesmaki.com
Luke 3:6,Isaiah 40:3,kalvesmaki.com
Luke 3:6,Isaiah 40:4,kalvesmaki.com
Luke 3:6,Isaiah 40:5,kalvesmaki.com
John 1:23,Isaiah 40:3,kalvesmaki.com
John 1:23,Isaiah 40:4,kalvesmaki.com
John 1:23,Isaiah 40:5,kalvesmaki.com
Matthew 4:4,Deuteronomy 8:3,kalvesmaki.com
Luke 4:4,Deuteronomy 8:3,kalvesmaki.com
Matthew 4:6,Psalm 91:11,kalvesmaki.com
Luke 4:10,Psalm 91:11,kalvesmaki.com
Luke 4:11,Psalm 91:11,kalvesmaki.com
Matthew 4:7,Deuteronomy 6:16,kalvesmaki.com
Matthew 4:10,Deuteronomy 6:13,kalvesmaki.com
Luke 4:8,Deuteronomy 6:13,kalvesmaki.com
Matthew 4:15,Isaiah 9:1,kalvesmaki.com
Matthew 8:17,Isaiah 53:4,kalvesmaki.com
Matthew 9:13,Hosea 6:6,kalvesmaki.com
Matthew 10:35,Micah 7:6,kalvesmaki.com
Matthew 11:10,Malachi 3:1,kalvesmaki.com
Mark 1:2,Malachi 3:1,kalvesmaki.com
Luke 7:27,Malachi 3:1,kalvesmaki.com
Matthew 12:18,Isaiah 42:1,kalvesmaki.com
Matthew 12:18,Isaiah 42:2,kalvesmaki.com
Matthew 12:18,Isaiah 42:3,kalvesmaki.com
Matthew 12:18,Isaiah 42:4,kalvesmaki.com
Matthew 12:19,Isaiah 42:1,kalvesmaki.com
Matthew 12:19,Isaiah 42:2,kalvesmaki.com
Matthew 12:19,Isaiah 42:3,kalvesmaki.com
Matthew 12:19,Isaiah 42:4,kalvesmaki.com
Matthew 12:20,Isaiah 42:1,kalvesmaki.com
Matthew 12:20,Isaiah 42:2,kalvesmaki.com
Matthew 12:20,Isaiah 42:3,kalvesmaki.com
Matthew 12:20,Isaiah 42:4,kalvesmaki.com
Matthew 12:21,Isaiah 42:1,kalvesmaki.com
Matthew 12:21,Isaiah 42:2,kalvesmaki.com
Matthew 12:21,Isaiah 42:3,kalvesmaki.com
Matthew 12:21,Isaiah 42:4,kalvesmaki.com
Matthew 13:14,Isaiah 6:9,kalvesmaki.com
Mark 4:12,Isaiah 6:9,kalvesmaki.com
Luke 8:10,Isaiah 6:9,kalvesmaki.com
John 12:40,Isaiah 6:9,kalvesmaki.com
Acts 28:26,Isaiah 6:9,kalvesmaki.com
Matthew 13:35,Psalm 78:2,kalvesmaki.com
Matthew 15:4,Exodus 20:12,kalvesmaki.com
Matthew 15:4,Deuteronomy 5:16,kalvesmaki.com
Mark 7:10,Exodus 20:12,kalvesmaki.com
Mark 7:10,Deuteronomy 5:16,kalvesmaki.com
Ephesians 6:2,Exodus 20:12,kalvesmaki.com
Ephesians 6:2,Deuteronomy 5:16,kalvesmaki.com
Matthew 15:4,Exodus 21:17,kalvesmaki.com
Mark 7:10,Exodus 21:17,kalvesmaki.com
Matthew 15:8,Isaiah 29:13,kalvesmaki.com
Mark 7:6,Isaiah 29:13,kalvesmaki.com
Matthew 18:16,Deuteronomy 19:15,kalvesmaki.com
2 Corinthians 13:1,Deuteronomy 19:15,kalvesmaki.com
Matthew 19:5,Genesis 2:24,kalvesmaki.com
Mark 10:7,Genesis 2:24,kalvesmaki.com
Mark 10:8,Genesis 2:24,kalvesmaki.com
1 Corinthians 6:16,Genesis 2:24,kalvesmaki.com
Ephesians 5:31,Genesis 2:24,kalvesmaki.com
Matthew 21:5,Zechariah 9:9,kalvesmaki.com
John 12:15,Zechariah 9:9,kalvesmaki.com
Matthew 21:9,Psalm 118:26,kalvesmaki.com
Mark 11:9,Psalm 118:26,kalvesmaki.com
Luke 13:35,Psalm 118:26,kalvesmaki.com
Luke 19:38,Psalm 118:26,kalvesmaki.com
John 12:13,Psalm 118:26,kalvesmaki.com
Matthew 21:13,Isaiah 56:7,kalvesmaki.com
Matthew 21:13,Jeremiah 7:11,kalvesmaki.com
Mark 11:17,Isaiah 56:7,kalvesmaki.com
Mark 11:17,Jeremiah 7:11,kalvesmaki.com
Matthew 21:16,Psalm 8:2,kalvesmaki.com
Matthew 21:42,Psalm 118:22,kalvesmaki.com
Mark 12:10,Psalm 118:22,kalvesmaki.com
Luke 20:17,Psalm 118:22,kalvesmaki.com
Acts 4:11,Psalm 118:22,kalvesmaki.com
1 Peter 2:7,Psalm 118:22,kalvesmaki.com
Matthew 22:24,Deuteronomy 25:5,kalvesmaki.com
Matthew 22:32,Exodus 3:6,kalvesmaki.com
Mark 12:26,Exodus 3:6,kalvesmaki.com
Acts 7:32,Exodus 3:6,kalvesmaki.com
Matthew 22:37,Deuteronomy 6:5,kalvesmaki.com
Matthew 22:37,Deuteronomy 10:12,kalvesmaki.com
Matthew 22:37,Deuteronomy 30:6,kalvesmaki.com
Mark 12:30,Deuteronomy 6:5,kalvesmaki.com
Mark 12:30,Deuteronomy 10:12,kalvesmaki.com
Mark 12:30,Deuteronomy 30:6,kalvesmaki.com
Luke 10:27,Deuteronomy 6:5,kalvesmaki.com
Luke 10:27,Deuteronomy 10:12,kalvesmaki.com
Luke 10:27,Deuteronomy 30:6,kalvesmaki.com
Matthew 22:39,Leviticus 19:18,kalvesmaki.com
Mark 12:31,Leviticus 19:18,kalvesmaki.com
Romans 13:9,Leviticus 19:18,kalvesmaki.com
Galatians 5:14,Leviticus 19:18,kalvesmaki.com
James 2:8,Leviticus 19:18,kalvesmaki.com
Matthew 22:44,Psalm 110:1,kalvesmaki.com
Mark 12:36,Psalm 110:1,kalvesmaki.com
Luke 20:42,Psalm 110:1,kalvesmaki.com
Acts 2:34,Psalm 110:1,kalvesmaki.com
Acts 2:35,Psalm 110:1,kalvesmaki.com
Hebrews 1:13,Psalm 110:1,kalvesmaki.com
Matthew 26:31,Zechariah 13:7,kalvesmaki.com
Mark 14:27,Zechariah 13:7,kalvesmaki.com
Matthew 27:9,Zechariah 11:12,kalvesmaki.com
Matthew 27:35,Psalm 22:18,kalvesmaki.com
John 19:24,Psalm 22:18,kalvesmaki.com
Matthew 27:46,Psalm 22:1,kalvesmaki.com
Mark 15:34,Psalm 22:1,kalvesmaki.com
Mark 9:44,Isaiah 66:24,kalvesmaki.com
Mark 10:6,Genesis 1:27,kalvesmaki.com
Mark 12:29,Deuteronomy 6:4,kalvesmaki.com
Mark 15:28,Isaiah 53:12,kalvesmaki.com
Luke 22:37,Isaiah 53:12,kalvesmaki.com
Luke 1:17,Malachi 4:6,kalvesmaki.com
Luke 2:23,Exodus 13:2,kalvesmaki.com
Luke 2:24,Leviticus 12:8,kalvesmaki.com
Luke 4:18,Isaiah 61:1,kalvesmaki.com
Luke 23:30,Hosea 10:8,kalvesmaki.com
Luke 23:46,Psalm 31:5,kalvesmaki.com
John 2:17,Psalm 69:9,kalvesmaki.com
Romans 15:3,Psalm 69:9,kalvesmaki.com
John 6:45,Isaiah 54:13,kalvesmaki.com
John 10:34,Psalm 82:6,kalvesmaki.com
John 12:38,Isaiah 53:1,kalvesmaki.com
Romans 10:16,Isaiah 53:1,kalvesmaki.com
John 13:18,Psalm 41:9,kalvesmaki.com
John 15:25,Psalm 69:4,kalvesmaki.com
John 19:36,Psalm 34:20,kalvesmaki.com
John 19:36,Exodus 12:46,kalvesmaki.com
John 19:37,Zechariah 12:10,kalvesmaki.com
Acts 1:20,Psalm 69:25,kalvesmaki.com
Acts 1:20,Psalm 109:8,kalvesmaki.com
Acts 2:17,Joel 2:28,kalvesmaki.com
Acts 2:17,Joel 2:29,kalvesmaki.com
Acts 2:17,Joel 2:30,kalvesmaki.com
Acts 2:17,Joel 2:31,kalvesmaki.com
Acts 2:17,Joel 2:32,kalvesmaki.com
Acts 2:18,Joel 2:28,kalvesmaki.com
Acts 2:18,Joel 2:29,kalvesmaki.com
Acts 2:18,Joel 2:30,kalvesmaki.com
Acts 2:18,Joel 2:31,kalvesmaki.com
Acts 2:18,Joel 2:32,kalvesmaki.com
Acts 2:19,Joel 2:28,kalvesmaki.com
Acts 2:19,Joel 2:29,kalvesmaki.com
Acts 2:19,Joel 2:30,kalvesmaki.com
Acts 2:19,Joel 2:31,kalvesmaki.com
Acts 2:19,Joel 2:32,kalvesmaki.com
Acts 2:20,Joel 2:28,kalvesmaki.com
Acts 2:20,Joel 2:29,kalvesmaki.com
Acts 2:20,Joel 2:30,kalvesmaki.com
Acts 2:20,Joel 2:31,kalvesmaki.com
Acts 2:20,Joel 2:32,kalvesmaki.com
Romans 10:13,Joel 2:28,kalvesmaki.com
Romans 10:13,Joel 2:29,kalvesmaki.com
Romans 10:13,Joel 2:30,kalvesmaki.com
Romans 10:13,Joel 2:31,kalvesmaki.com
Romans 10:13,Joel 2:32,kalvesmaki.com
Acts 2:25,Psalm 16:8,kalvesmaki.com
Acts 2:25,Psalm 16:9,kalvesmaki.com
Acts 2:25,Psalm 16:10,kalvesmaki.com
Acts 2:25,Psalm 16:11,kalvesmaki.com
Acts 2:26,Psalm 16:8,kalvesmaki.com
Acts 2:26,Psalm 16:9,kalvesmaki.com
Acts 2:26,Psalm 16:10,kalvesmaki.com
Acts 2:26,Psalm 16:11,kalvesmaki.com
Acts 2:27,Psalm 16:8,kalvesmaki.com
Acts 2:27,Psalm 16:9,kalvesmaki.com
Acts 2:27,Psalm 16:10,kalvesmaki.com
Acts 2:27,Psalm 16:11,kalvesmaki.com
Acts 2:28,Psalm 16:8,kalvesmaki.com
Acts 2:28,Psalm 16:9,kalvesmaki.com
Acts 2:28,Psalm 16:10,kalvesmaki.com
Acts 2:28,Psalm 16:11,kalvesmaki.com
Acts 13:35,Psalm 16:8,kalvesmaki.com
Acts 13:35,Psalm 16:9,kalvesmaki.com
Acts 13:35,Psalm 16:10,kalvesmaki.com
Acts 13:35,Psalm 16:11,kalvesmaki.com
Acts 3:22,Deuteronomy 18:15,kalvesmaki.com
Acts 3:22,Deuteronomy 18:18,kalvesmaki.com
Acts 3:22,Deuteronomy 18:19,kalvesmaki.com
Acts 3:23,Deuteronomy 18:15,kalvesmaki.com
Acts 3:23,Deuteronomy 18:18,kalvesmaki.com
Acts 3:23,Deuteronomy 18:19,kalvesmaki.com
Acts 7:37,Deuteronomy 18:15,kalvesmaki.com
Acts 7:37,Deuteronomy 18:18,kalvesmaki.com
Acts 7:37,Deuteronomy 18:19,kalvesmaki.com
Acts 3:25,Genesis 22:18,kalvesmaki.com
Acts 3:25,Genesis 26:4,kalvesmaki.com
Acts 3:25,Genesis 28:14,kalvesmaki.com
Galatians 3:8,Genesis 22:18,kalvesmaki.com
Galatians 3:8,Genesis 26:4,kalvesmaki.com
Galatians 3:8,Genesis 28:14,kalvesmaki.com
Acts 4:25,Psalm 2:1,kalvesmaki.com
Acts 4:25,Psalm 2:2,kalvesmaki.com
Acts 7:3,Genesis 12:1,kalvesmaki.com
Acts 7:7,Genesis 15:14,kalvesmaki.com
Acts 7:7,Exodus 3:12,kalvesmaki.com
Acts 7:27,Exodus 2:14,kalvesmaki.com
Acts 7:33,Exodus 3:5,kalvesmaki.com
Acts 7:34,Exodus 3:7,kalvesmaki.com
Acts 7:40,Exodus 32:1,kalvesmaki.com
Acts 7:40,Exodus 32:23,kalvesmaki.com
Acts 7:42,Amos 5:25,kalvesmaki.com
Acts 7:42,Amos 5:26,kalvesmaki.com
Acts 7:42,Amos 5:27,kalvesmaki.com
Acts 7:49,Isaiah 66:1,kalvesmaki.com
Acts 8:32,Isaiah 53:7,kalvesmaki.com
Acts 13:22,1 Samuel 13:14,kalvesmaki.com
Acts 13:22,Psalm 89:20,kalvesmaki.com
Acts 13:33,Psalm 2:7,kalvesmaki.com
Hebrews 1:5,Psalm 2:7,kalvesmaki.com
Hebrews 5:5,Psalm 2:7,kalvesmaki.com
Acts 13:34,Isaiah 55:3,kalvesmaki.com
Acts 13:41,Habakkuk 1:5,kalvesmaki.com
Acts 13:47,Isaiah 42:6,kalvesmaki.com
Acts 13:47,Isaiah 49:6,kalvesmaki.com
Acts 15:16,Amos 9:11,kalvesmaki.com
Acts 23:5,Exodus 22:28,kalvesmaki.com
Romans 1:17,Habakkuk 2:3,kalvesmaki.com
Galatians 3:11,Habakkuk 2:3,kalvesmaki.com
Hebrews 10:37,Habakkuk 2:3,kalvesmaki.com
Romans 2:6,Psalm 62:12,kalvesmaki.com
Romans 2:6,Proverbs 24:12,kalvesmaki.com
Romans 2:24,Isaiah 52:5,kalvesmaki.com
Romans 3:4,Psalm 51:4,kalvesmaki.com
Romans 3:10,Psalm 14:1,kalvesmaki.com
Romans 3:10,Psalm 14:2,kalvesmaki.com
Romans 3:10,Psalm 14:3,kalvesmaki.com
Romans 3:10,Psalm 53:1,kalvesmaki.com
Romans 3:10,Psalm 53:2,kalvesmaki.com
Romans 3:10,Psalm 53:3,kalvesmaki.com
Romans 3:10,Psalm 5:9,kalvesmaki.com
Romans 3:10,Psalm 140:3,kalvesmaki.com
Romans 3:10,Psalm 10:7,kalvesmaki.com
Romans 3:10,Proverbs 1:16,kalvesmaki.com
Romans 3:10,Isaiah 59:7,kalvesmaki.com
Romans 3:10,Psalm 36:1,kalvesmaki.com
Romans 3:11,Psalm 14:1,kalvesmaki.com
Romans 3:11,Psalm 14:2,kalvesmaki.com
Romans 3:11,Psalm 14:3,kalvesmaki.com
Romans 3:11,Psalm 53:1,kalvesmaki.com
Romans 3:11,Psalm 53:2,kalvesmaki.com
Romans 3:11,Psalm 53:3,kalvesmaki.com
Romans 3:11,Psalm 5:9,kalvesmaki.com
Romans 3:11,Psalm 140:3,kalvesmaki.com
Romans 3:11,Psalm 10:7,kalvesmaki.com
Romans 3:11,Proverbs 1:16,kalvesmaki.com
Romans 3:11,Isaiah 59:7,kalvesmaki.com
Romans 3:11,Psalm 36:1,kalvesmaki.com
Romans 3:12,Psalm 14:1,kalvesmaki.com
Romans 3:12,Psalm 14:2,kalvesmaki.com
Romans 3:12,Psalm 14:3,kalvesmaki.com
Romans 3:12,Psalm 53:1,kalvesmaki.com
Romans 3:12,Psalm 53:2,kalvesmaki.com
Romans 3:12,Psalm 53:3,kalvesmaki.com
Romans 3:12,Psalm 5:9,kalvesmaki.com
Romans 3:12,Psalm 140:3,kalvesmaki.com
Romans 3:12,Psalm 10:7,kalvesmaki.com
Romans 3:12,Proverbs 1:16,kalvesmaki.com
Romans 3:12,Isaiah 59:7,kalvesmaki.com
Romans 3:12,Psalm 36:1,kalvesmaki.com
Romans 3:13,Psalm 14:1,kalvesmaki.com
Romans 3:13,Psalm 14:2,kalvesmaki.com
Romans 3:13,Psalm 14:3,kalvesmaki.com
Romans 3:13,Psalm 53:1,kalvesmaki.com
Romans 3:13,Psalm 53:2,kalvesmaki.com
Romans 3:13,Psalm 53:3,kalvesmaki.com
Romans 3:13,Psalm 5:9,kalvesmaki.com
Romans 3:13,Psalm 140:3,kalvesmaki.com
Romans 3:13,Psalm 10:7,kalvesmaki.com
Romans 3:13,Proverbs 1:16,kalvesmaki.com
Romans 3:13,Isaiah 59:7,kalvesmaki.com
Romans 3:13,Psalm 36:1,kalvesmaki.com
Romans 3:14,Psalm 14:1,kalvesmaki.com
Romans 3:14,Psalm 14:2,kalvesmaki.com
Romans 3:14,Psalm 14:3,kalvesmaki.com
Romans 3:14,Psalm 53:1,kalvesmaki.com
Romans 3:14,Psalm 53:2,kalvesmaki.com
Romans 3:14,Psalm 53:3,kalvesmaki.com
Romans 3:14,Psalm 5:9,kalvesmaki.com
Romans 3:14,Psalm 140:3,kalvesmaki.com
Romans 3:14,Psalm 10:7,kalvesmaki.com
Romans 3:14,Proverbs 1:16,kalvesmaki.com
Romans 3:14,Isaiah 59:7,kalvesmaki.com
Romans 3:14,Psalm 36:1,kalvesmaki.com
Romans 3:15,Psalm 14:1,kalvesmaki.com
Romans 3:15,Psalm 14:2,kalvesmaki.com
Romans 3:15,Psalm 14:3,kalvesmaki.com
Romans 3:15,Psalm 53:1,kalvesmaki.com
Romans 3:15,Psalm 53:2,kalvesmaki.com
Romans 3:15,Psalm 53:3,kalvesmaki.com
Romans 3:15,Psalm 5:9,kalvesmaki.com
Romans 3:15,Psalm 140:3,kalvesmaki.com
Romans 3:15,Psalm 10:7,kalvesmaki.com
Romans 3:15,Proverbs 1:16,kalvesmaki.com
Romans 3:15,Isaiah 59:7,kalvesmaki.com
Romans 3:15,Psalm 36:1,kalvesmaki.com
Romans 3:16,Psalm 14:1,kalvesmaki.com
Romans 3:16,Psalm 14:2,kalvesmaki.com
Romans 3:16,Psalm 14:3,kalvesmaki.com
Romans 3:16,Psalm 53:1,kalvesmaki.com
Romans 3:16,Psalm 53:2,kalvesmaki.com
Romans 3:16,Psalm 53:3,kalvesmaki.com
Romans 3:16,Psalm 5:9,kalvesmaki.com
Romans 3:16,Psalm 140:3,kalvesmaki.com
Romans 3:16,Psalm 10:7,kalvesmaki.com
Romans 3:16,Proverbs 1:16,kalvesmaki.com
Romans 3:16,Isaiah 59:7,kalvesmaki.com
Romans 3:16,Psalm 36:1,kalvesmaki.com
Romans 3:17,Psalm 14:1,kalvesmaki.com
Romans 3:17,Psalm 14:2,kalvesmaki.com
Romans 3:17,Psalm 14:3,kalvesmaki.com
Romans 3:17,Psalm 53:1,kalvesmaki.com
Romans 3:17,Psalm 53:2,kalvesmaki.com
Romans 3:17,Psalm 53:3,kalvesmaki.com
Romans 3:17,Psalm 5:9,kalvesmaki.com
Romans 3:17,Psalm 140:3,kalvesmaki.com
Romans 3:17,Psalm 10:7,kalvesmaki.com
Romans 3:17,Proverbs 1:16,kalvesmaki.com
Romans 3:17,Isaiah 59:7,kalvesmaki.com
Romans 3:17,Psalm 36:1,kalvesmaki.com
Romans 3:18,Psalm 14:1,kalvesmaki.com
Romans 3:18,Psalm 14:2,kalvesmaki.com
Romans 3:18,Psalm 14:3,kalvesmaki.com
Romans 3:18,Psalm 53:1,kalvesmaki.com
Romans 3:18,Psalm 53:2,kalvesmaki.com
Romans 3:18,Psalm 53:3,kalvesmaki.com
Romans 3:18,Psalm 5:9,kalvesmaki.com
Romans 3:18,Psalm 140:3,kalvesmaki.com
Romans 3:18,Psalm 10:7,kalvesmaki.com
Romans 3:18,Proverbs 1:16,kalvesmaki.com
Romans 3:18,Isaiah 59:7,kalvesmaki.com
Romans 3:18,Psalm 36:1,kalvesmaki.com
Romans 4:3,Genesis 15:6,kalvesmaki.com
Romans 4:22,Genesis 15:6,kalvesmaki.com
Galatians 3:6,Genesis 15:6,kalvesmaki.com
James 2:23,Genesis 15:6,kalvesmaki.com
Romans 4:7,Psalm 32:1,kalvesmaki.com
Romans 4:17,Genesis 17:5,kalvesmaki.com
Romans 4:18,Genesis 15:5,kalvesmaki.com
Romans 8:36,Psalm 44:22,kalvesmaki.com
Romans 9:7,Genesis 21:12,kalvesmaki.com
Hebrews 11:18,Genesis 21:12,kalvesmaki.com
Romans 9:9,Genesis 18:10,kalvesmaki.com
Romans 9:9,Genesis 18:14,kalvesmaki.com
Romans 9:12,Genesis 25:23,kalvesmaki.com
Romans 9:13,Malachi 1:2,kalvesmaki.com
Romans 9:15,Exodus 33:19,kalvesmaki.com
Romans 9:17,Exodus 9:16,kalvesmaki.com
Romans 9:20,Isaiah 29:16,kalvesmaki.com
Romans 9:20,Isaiah 45:9,kalvesmaki.com
Romans 9:25,Hosea 2:23,kalvesmaki.com
Romans 9:25,Hosea 1:10,kalvesmaki.com
Romans 9:27,Isaiah 10:22,kalvesmaki.com
Romans 9:29,Isaiah 1:9,kalvesmaki.com
Romans 9:33,Isaiah 8:14,kalvesmaki.com
Romans 9:33,Isaiah 28:16,kalvesmaki.com
Romans 10:11,Isaiah 8:14,kalvesmaki.com
Romans 10:11,Isaiah 28:16,kalvesmaki.com
1 Peter 2:6,Isaiah 8:14,kalvesmaki.com
1 Peter 2:6,Isaiah 28:16,kalvesmaki.com
1 Peter 2:8,Isaiah 8:14,kalvesmaki.com
1 Peter 2:8,Isaiah 28:16,kalvesmaki.com
Romans 10:5,Leviticus 18:5,kalvesmaki.com
Galatians 3:12,Leviticus 18:5,kalvesmaki.com
Romans 10:6,Deuteronomy 30:12,kalvesmaki.com
Romans 10:6,Deuteronomy 30:13,kalvesmaki.com
Romans 10:6,Deuteronomy 30:14,kalvesmaki.com
Romans 10:7,Deuteronomy 30:12,kalvesmaki.com
Romans 10:7,Deuteronomy 30:13,kalvesmaki.com
Romans 10:7,Deuteronomy 30:14,kalvesmaki.com
Romans 10:8,Deuteronomy 30:12,kalvesmaki.com
Romans 10:8,Deuteronomy 30:13,kalvesmaki.com
Romans 10:8,Deuteronomy 30:14,kalvesmaki.com
Romans 10:15,Isaiah 52:7,kalvesmaki.com
Romans 10:18,Psalm 19:4,kalvesmaki.com
Romans 10:19,Deuteronomy 32:21,kalvesmaki.com
Romans 10:20,Isaiah 65:1,kalvesmaki.com
Romans 10:21,Isaiah 65:2,kalvesmaki.com
Romans 11:3,1 Kings 19:10,kalvesmaki.com
Romans 11:3,1 Kings 19:14,kalvesmaki.com
Romans 11:4,1 Kings 19:18,kalvesmaki.com
Romans 11:8,Deuteronomy 29:3,kalvesmaki.com
Romans 11:9,Psalm 69:22,kalvesmaki.com
Romans 11:26,Isaiah 59:20,kalvesmaki.com
Romans 11:34,Isaiah 40:13,kalvesmaki.com
1 Corinthians 2:16,Isaiah 40:13,kalvesmaki.com
Romans 12:19,Deuteronomy 32:35,kalvesmaki.com
Hebrews 10:30,Deuteronomy 32:35,kalvesmaki.com
Romans 12:20,Proverbs 25:21,kalvesmaki.com
Romans 14:11,Isaiah 45:23,kalvesmaki.com
Romans 15:9,2 Samuel 22:50,kalvesmaki.com
Romans 15:9,Psalm 18:49,kalvesmaki.com
Romans 15:10,Deuteronomy 32:43,kalvesmaki.com
Hebrews 1:6,Deuteronomy 32:43,kalvesmaki.com
Romans 15:11,Psalm 117:1,kalvesmaki.com
Romans 15:12,Isaiah 11:10,kalvesmaki.com
Romans 15:21,Isaiah 52:15,kalvesmaki.com
1 Corinthians 1:19,Isaiah 29:14,kalvesmaki.com
1 Corinthians 1:31,Jeremiah 9:24,kalvesmaki.com
2 Corinthians 10:17,Jeremiah 9:24,kalvesmaki.com
1 Corinthians 2:9,Isaiah 64:4,kalvesmaki.com
1 Corinthians 3:19,Job 5:13,kalvesmaki.com
1 Corinthians 3:20,Psalm 94:11,kalvesmaki.com
1 Corinthians 5:13,Deuteronomy 17:7,kalvesmaki.com
1 Corinthians 9:9,Deuteronomy 25:4,kalvesmaki.com
1 Timothy 5:18,Deuteronomy 25:4,kalvesmaki.com
1 Corinthians 10:7,Exodus 32:6,kalvesmaki.com
1 Corinthians 10:26,Psalm 24:1,kalvesmaki.com
1 Corinthians 10:26,Deuteronomy 10:14,kalvesmaki.com
1 Corinthians 10:28,Psalm 24:1,kalvesmaki.com
1 Corinthians 10:28,Deuteronomy 10:14,kalvesmaki.com
1 Corinthians 14:21,Isaiah 28:11,kalvesmaki.com
1 Corinthians 15:27,Psalm 8:4,kalvesmaki.com
1 Corinthians 15:27,Psalm 8:5,kalvesmaki.com
1 Corinthians 15:27,Psalm 8:6,kalvesmaki.com
Hebrews 2:6,Psalm 8:4,kalvesmaki.com
Hebrews 2:6,Psalm 8:5,kalvesmaki.com
Hebrews 2:6,Psalm 8:6,kalvesmaki.com
Hebrews 2:7,Psalm 8:4,kalvesmaki.com
Hebrews 2:7,Psalm 8:5,kalvesmaki.com
Hebrews 2:7,Psalm 8:6,kalvesmaki.com
Hebrews 2:8,Psalm 8:4,kalvesmaki.com
Hebrews 2:8,Psalm 8:5,kalvesmaki.com
Hebrews 2:8,Psalm 8:6,kalvesmaki.com
1 Corinthians 15:32,Isaiah 22:13,kalvesmaki.com
1 Corinthians 15:45,Genesis 2:7,kalvesmaki.com
1 Corinthians 15:54,Isaiah 25:8,kalvesmaki.com
1 Corinthians 15:55,Hosea 13:14,kalvesmaki.com
2 Corinthians 4:13,Psalm 116:10,kalvesmaki.com
2 Corinthians 6:2,Isaiah 49:8,kalvesmaki.com
2 Corinthians 6:16,Exodus 29:45,kalvesmaki.com
2 Corinthians 6:16,Leviticus 26:12,kalvesmaki.com
2 Corinthians 6:16,Jeremiah 30:22,kalvesmaki.com
2 Corinthians 6:16,Jeremiah 31:1,kalvesmaki.com
2 Corinthians 6:16,Jeremiah 32:38,kalvesmaki.com
2 Corinthians 6:16,Zechariah 8:8,kalvesmaki.com
2 Corinthians 6:16,Ezekiel 37:27,kalvesmaki.com
2 Corinthians 6:17,Isaiah 52:11,kalvesmaki.com
2 Corinthians 6:17,Jeremiah 31:9,kalvesmaki.com
2 Corinthians 8:15,Exodus 16:18,kalvesmaki.com
2 Corinthians 9:9,Psalm 112:9,kalvesmaki.com
Galatians 3:10,Deuteronomy 27:26,kalvesmaki.com
Galatians 3:13,Deuteronomy 21:23,kalvesmaki.com
Galatians 4:27,Isaiah 54:1,kalvesmaki.com
Galatians 4:30,Genesis 21:10,kalvesmaki.com
Ephesians 4:8,Psalm 68:18,kalvesmaki.com
Ephesians 4:25,Zechariah 8:16,kalvesmaki.com
Ephesians 4:26,Psalm 4:4,kalvesmaki.com
Ephesians 5:14,Isaiah 60:1,kalvesmaki.com
Philippians 2:10,Isaiah 45:23,kalvesmaki.com
Philippians 2:11,Isaiah 45:23,kalvesmaki.com
Hebrews 1:5,2 Samuel 7:14,kalvesmaki.com
Hebrews 1:7,Psalm 104:4,kalvesmaki.com
Hebrews 1:8,Psalm 45:6,kalvesmaki.com
Hebrews 1:10,Psalm 102:25,kalvesmaki.com
Hebrews 1:10,Psalm 102:26,kalvesmaki.com
Hebrews 1:10,Psalm 102:27,kalvesmaki.com
Hebrews 1:11,Psalm 102:25,kalvesmaki.com
Hebrews 1:11,Psalm 102:26,kalvesmaki.com
Hebrews 1:11,Psalm 102:27,kalvesmaki.com
Hebrews 1:12,Psalm 102:25,kalvesmaki.com
Hebrews 1:12,Psalm 102:26,kalvesmaki.com
Hebrews 1:12,Psalm 102:27,kalvesmaki.com
Hebrews 2:12,Psalm 22:22,kalvesmaki.com
Hebrews 2:13,2 Samuel 22:3,kalvesmaki.com
Hebrews 2:13,Isaiah 8:17,kalvesmaki.com
Hebrews 3:7,Psalm 95:7,kalvesmaki.com
Hebrews 3:7,Psalm 95:8,kalvesmaki.com
Hebrews 3:7,Psalm 95:9,kalvesmaki.com
Hebrews 3:7,Psalm 95:10,kalvesmaki.com
Hebrews 3:7,Psalm 95:11,kalvesmaki.com
Hebrews 3:8,Psalm 95:7,kalvesmaki.com
Hebrews 3:8,Psalm 95:8,kalvesmaki.com
Hebrews 3:8,Psalm 95:9,kalvesmaki.com
Hebrews 3:8,Psalm 95:10,kalvesmaki.com
Hebrews 3:8,Psalm 95:11,kalvesmaki.com
Hebrews 3:9,Psalm 95:7,kalvesmaki.com
Hebrews 3:9,Psalm 95:8,kalvesmaki.com
Hebrews 3:9,Psalm 95:9,kalvesmaki.com
Hebrews 3:9,Psalm 95:10,kalvesmaki.com
Hebrews 3:9,Psalm 95:11,kalvesmaki.com
Hebrews 3:10,Psalm 95:7,kalvesmaki.com
Hebrews 3:10,Psalm 95:8,kalvesmaki.com
Hebrews 3:10,Psalm 95:9,kalvesmaki.com
Hebrews 3:10,Psalm 95:10,kalvesmaki.com
Hebrews 3:10,Psalm 95:11,kalvesmaki.com
Hebrews 3:11,Psalm 95:7,kalvesmaki.com
Hebrews 3:11,Psalm 95:8,kalvesmaki.com
Hebrews 3:11,Psalm 95:9,kalvesmaki.com
Hebrews 3:11,Psalm 95:10,kalvesmaki.com
Hebrews 3:11,Psalm 95:11,kalvesmaki.com
Hebrews 3:15,Psalm 95:7,kalvesmaki.com
Hebrews 3:15,Psalm 95:8,kalvesmaki.com
Hebrews 3:15,Psalm 95:9,kalvesmaki.com
Hebrews 3:15,Psalm 95:10,kalvesmaki.com
Hebrews 3:15,Psalm 95:11,kalvesmaki.com
Hebrews 4:3,Psalm 95:7,kalvesmaki.com
Hebrews 4:3,Psalm 95:8,kalvesmaki.com
Hebrews 4:3,Psalm 95:9,kalvesmaki.com
Hebrews 4:3,Psalm 95:10,kalvesmaki.com
Hebrews 4:3,Psalm 95:11,kalvesmaki.com
Hebrews 4:5,Psalm 95:7,kalvesmaki.com
Hebrews 4:5,Psalm 95:8,kalvesmaki.com
Hebrews 4:5,Psalm 95:9,kalvesmaki.com
Hebrews 4:5,Psalm 95:10,kalvesmaki.com
Hebrews 4:5,Psalm 95:11,kalvesmaki.com
Hebrews 4:7,Psalm 95:7,kalvesmaki.com
Hebrews 4:7,Psalm 95:8,kalvesmaki.com
Hebrews 4:7,Psalm 95:9,kalvesmaki.com
Hebrews 4:7,Psalm 95:10,kalvesmaki.com
Hebrews 4:7,Psalm 95:11,kalvesmaki.com
Hebrews 4:4,Genesis 2:2,kalvesmaki.com
Hebrews 5:6,Psalm 110:4,kalvesmaki.com
Hebrews 5:10,Psalm 110:4,kalvesmaki.com
Hebrews 7:17,Psalm 110:4,kalvesmaki.com
Hebrews 7:21,Psalm 110:4,kalvesmaki.com
Hebrews 6:14,Genesis 22:17,kalvesmaki.com
Hebrews 8:5,Exodus 25:40,kalvesmaki.com
Hebrews 8:8,Jeremiah 31:31,kalvesmaki.com
Hebrews 8:8,Jeremiah 31:32,kalvesmaki.com
Hebrews 8:8,Jeremiah 31:33,kalvesmaki.com
Hebrews 8:8,Jeremiah 31:34,kalvesmaki.com
Hebrews 8:9,Jeremiah 31:31,kalvesmaki.com
Hebrews 8:9,Jeremiah 31:32,kalvesmaki.com
Hebrews 8:9,Jeremiah 31:33,kalvesmaki.com
Hebrews 8:9,Jeremiah 31:34,kalvesmaki.com
Hebrews 8:10,Jeremiah 31:31,kalvesmaki.com
Hebrews 8:10,Jeremiah 31:32,kalvesmaki.com
Hebrews 8:10,Jeremiah 31:33,kalvesmaki.com
Hebrews 8:10,Jeremiah 31:34,kalvesmaki.com
Hebrews 8:11,Jeremiah 31:31,kalvesmaki.com
Hebrews 8:11,Jeremiah 31:32,kalvesmaki.com
Hebrews 8:11,Jeremiah 31:33,kalvesmaki.com
Hebrews 8:11,Jeremiah 31:34,kalvesmaki.com
Hebrews 8:12,Jeremiah 31:31,kalvesmaki.com
Hebrews 8:12,Jeremiah 31:32,kalvesmaki.com
Hebrews 8:12,Jeremiah 31:33,kalvesmaki.com
Hebrews 8:12,Jeremiah 31:34,kalvesmaki.com
Hebrews 10:16,Jeremiah 31:31,kalvesmaki.com
Hebrews 10:16,Jeremiah 31:32,kalvesmaki.com
Hebrews 10:16,Jeremiah 31:33,kalvesmaki.com
Hebrews 10:16,Jeremiah 31:34,kalvesmaki.com
Hebrews 9:19,Exodus 24:8,kalvesmaki.com
Hebrews 10:5,Psalm 40:6,kalvesmaki.com
Hebrews 10:5,Psalm 40:7,kalvesmaki.com
Hebrews 10:5,Psalm 40:8,kalvesmaki.com
Hebrews 10:6,Psalm 40:6,kalvesmaki.com
Hebrews 10:6,Psalm 40:7,kalvesmaki.com
Hebrews 10:6,Psalm 40:8,kalvesmaki.com
Hebrews 10:7,Psalm 40:6,kalvesmaki.com
Hebrews 10:7,Psalm 40:7,kalvesmaki.com
Hebrews 10:7,Psalm 40:8,kalvesmaki.com
Hebrews 10:8,Psalm 40:6,kalvesmaki.com
Hebrews 10:8,Psalm 40:7,kalvesmaki.com
Hebrews 10:8,Psalm 40:8,kalvesmaki.com
Hebrews 10:30,Deuteronomy 32:36,kalvesmaki.com
Hebrews 11:5,Genesis 5:24,kalvesmaki.com
Hebrews 12:5,Proverbs 3:11,kalvesmaki.com
Hebrews 12:12,Isaiah 35:3,kalvesmaki.com
Hebrews 12:20,Exodus 19:13,kalvesmaki.com
Hebrews 12:21,Deuteronomy 9:19,kalvesmaki.com
Hebrews 12:26,Haggai 2:6,kalvesmaki.com
Hebrews 12:29,Deuteronomy 4:24,kalvesmaki.com
Hebrews 13:5,Deuteronomy 31:6,kalvesmaki.com
Hebrews 13:5,Deuteronomy 31:8,kalvesmaki.com
Hebrews 13:5,Joshua 1:5,kalvesmaki.com
Hebrews 13:6,Psalm 27:1,kalvesmaki.com
Hebrews 13:6,Psalm 118:6,kalvesmaki.com
James 4:6,Proverbs 3:34,kalvesmaki.com
1 Peter 5:5,Proverbs 3:34,kalvesmaki.com
1 Peter 1:16,Leviticus 11:44,kalvesmaki.com
1 Peter 1:16,Leviticus 19:2,kalvesmaki.com
1 Peter 1:16,Leviticus 20:7,kalvesmaki.com
1 Peter 1:24,Isaiah 40:6,kalvesmaki.com
1 Peter 1:24,Isaiah 40:7,kalvesmaki.com
1 Peter 1:24,Isaiah 40:8,kalvesmaki.com
1 Peter 2:22,Isaiah 53:9,kalvesmaki.com
1 Peter 2:24,Isaiah 53:5,kalvesmaki.com
1 Peter 3:10,Psalm 34:12,kalvesmaki.com
1 Peter 3:10,Psalm 34:13,kalvesmaki.com
1 Peter 3:10,Psalm 34:14,kalvesmaki.com
1 Peter 3:10,Psalm 34:15,kalvesmaki.com
1 Peter 3:10,Psalm 34:16,kalvesmaki.com
1 Peter 3:11,Psalm 34:12,kalvesmaki.com
1 Peter 3:11,Psalm 34:13,kalvesmaki.com
1 Peter 3:11,Psalm 34:14,kalvesmaki.com
1 Peter 3:11,Psalm 34:15,kalvesmaki.com
1 Peter 3:11,Psalm 34:16,kalvesmaki.com
1 Peter 3:12,Psalm 34:12,kalvesmaki.com
1 Peter 3:12,Psalm 34:13,kalvesmaki.com
1 Peter 3:12,Psalm 34:14,kalvesmaki.com
1 Peter 3:12,Psalm 34:15,kalvesmaki.com
1 Peter 3:12,Psalm 34:16,kalvesmaki.com
1 Peter 3:14,Isaiah 8:12,kalvesmaki.com
1 Peter 4:8,Proverbs 10:12,kalvesmaki.com
1 Peter 4:18,Proverbs 11:31,kalvesmaki.com
1 Peter 5:7,Psalm 55:22,kalvesmaki.com
2 Peter 2:22,Proverbs 26:11,kalvesmaki.com
Jude 1:9,Zechariah 3:2,kalvesmaki.com
Revelation 1:17,Isaiah 41:4,kalvesmaki.com
Revelation 1:17,Isaiah 44:6,kalvesmaki.com
Revelation 2:23,Jeremiah 17:10,kalvesmaki.com
Revelation 2:27,Psalm 2:9,kalvesmaki.com
Revelation 3:7,Isaiah 22:22,kalvesmaki.com
Revelation 7:16,Isaiah 49:10,kalvesmaki.com
Revelation 21:23,Isaiah 60:20,kalvesmaki.com
